ActID,ActionID,EmpID,EffectiveDt
1,10,1,1-Jan-15
2,10,2,1-Jan-15
3,10,3,6-Oct-15
4,10,4,1-Jan-15
5,10,5,22-May-15
6,10,6,11-Jul-15
7,10,7,4-Dec-15
8,10,8,1-Jan-15
9,10,9,1-Jan-15
10,10,10,9-May-15
11,10,11,11-May-15
12,10,12,24-Dec-15
13,10,13,1-Jan-15
14,10,14,26-Jul-15
15,10,15,13-Mar-16
16,10,16,1-Jan-15
17,10,17,8-Oct-15
18,10,18,21-Mar-15
19,10,19,1-Jan-15
20,10,20,1-Jan-15
21,10,21,29-Sep-15
22,10,22,3-May-16
23,10,23,1-Jan-15
24,10,24,5-Feb-15
25,10,25,19-Dec-15
26,10,26,1-Jan-15
27,10,27,4-Sep-15
28,10,28,27-Sep-15
29,10,29,21-Apr-15
30,10,30,2-Feb-15
31,10,31,1-Jan-15
32,10,32,27-Mar-15
33,10,33,17-Oct-15
34,10,34,1-Jan-15
35,10,35,1-Jan-15
36,10,36,4-Jun-15
37,10,37,9-May-17
38,10,38,1-Jan-16
39,10,39,1-Jan-15
40,10,40,11-May-15
41,10,41,21-Mar-16
42,10,42,1-Jan-15
43,10,43,21-Jul-15
44,10,44,1-Jan-15
45,10,45,1-Jan-15
46,10,46,1-Jan-15
47,10,47,1-Jan-15
48,10,48,21-Jun-16
49,10,49,1-Jan-15
50,10,50,10-Jul-16
51,10,51,3-May-15
52,10,52,21-Feb-15
53,10,53,1-Jan-15
54,10,54,1-Jan-15
55,10,55,1-Jan-15
56,10,56,24-Jul-15
57,10,57,8-Feb-15
58,10,58,1-Jan-15
59,10,59,15-Jan-15
60,10,60,1-Jan-15
61,10,61,6-Sep-15
62,10,62,1-Jan-15
63,10,63,1-Jan-15
64,10,64,1-Jan-15
65,10,65,27-Mar-15
66,10,66,8-Aug-16
67,10,67,14-Apr-15
68,10,68,31-May-16
69,10,69,3-Aug-15
70,10,70,21-Feb-16
71,10,71,9-Sep-15
72,10,72,13-Sep-15
73,10,73,26-Oct-15
74,10,74,14-Oct-15
75,10,75,1-Jan-15
76,10,76,1-Jan-15
77,10,77,1-Jan-15
78,10,78,1-Jan-15
79,10,79,12-Jan-15
80,10,80,20-Jan-15
81,10,81,1-Jan-15
82,10,82,1-Jan-15
83,10,83,1-Jan-15
84,10,84,14-Sep-15
85,10,85,1-Jan-15
86,10,86,5-Dec-16
87,10,87,9-Apr-15
88,10,88,5-Oct-15
89,10,89,13-May-15
90,10,90,1-Jan-15
91,10,91,11-Jun-15
92,10,92,1-Jan-15
93,10,93,1-Jan-15
94,10,94,1-Jan-15
95,10,95,1-Jan-15
96,10,96,4-Oct-15
97,10,97,23-Oct-15
98,10,98,3-May-15
99,10,99,1-Jan-15
100,10,100,1-Jan-15
101,10,101,3-Jan-16
102,10,102,29-Oct-15
103,10,103,12-Nov-15
104,10,104,25-Sep-15
105,10,105,1-Jan-15
106,10,106,1-Jan-15
107,10,107,1-Jan-15
108,10,108,25-Jan-15
109,10,109,1-Jan-15
110,10,110,1-Jan-15
111,10,111,1-Jan-15
112,10,112,1-Jan-15
113,10,113,16-Oct-15
114,10,114,1-Jan-15
115,10,115,9-May-15
116,10,116,18-Jan-16
117,10,117,15-Feb-15
118,10,118,1-Jan-15
119,10,119,1-Jan-15
120,10,120,14-Aug-15
121,10,121,1-Jan-15
122,10,122,1-Jan-15
123,10,123,1-Jan-15
124,10,124,1-Jan-15
125,10,125,1-Jan-15
126,10,126,6-May-15
127,10,127,10-Mar-16
128,10,128,1-Jan-15
129,10,129,1-Jan-15
130,10,130,1-Jan-15
131,10,131,1-Jan-15
132,10,132,1-Jan-15
133,10,133,1-Jan-15
134,10,134,12-Apr-15
135,10,135,1-Jan-15
136,10,136,8-Jun-15
137,10,137,2-Oct-15
138,10,138,1-Jan-15
139,10,139,1-Jan-15
140,10,140,5-Feb-15
141,10,141,1-Jan-15
142,10,142,13-Jan-15
143,10,143,13-Jul-15
144,10,144,1-Jan-15
145,10,145,5-Mar-15
146,10,146,1-Jan-15
147,10,147,1-Jan-15
148,10,148,25-Dec-15
149,10,149,1-Jan-15
150,10,150,3-Apr-15
151,10,151,1-Jan-15
152,10,152,12-Mar-15
153,10,153,1-Jan-15
154,10,154,21-Dec-16
155,10,155,1-Jan-15
156,10,156,1-Jan-15
157,10,157,1-Jan-15
158,10,158,1-Jan-15
159,10,159,13-Feb-16
160,10,160,20-Jan-15
161,10,161,1-Jan-15
162,10,162,16-Jun-15
163,10,163,1-Jan-15
164,10,164,1-Jan-15
165,10,165,1-Jan-15
166,10,166,1-Jan-15
167,10,167,1-Jan-15
168,10,168,1-Jan-15
169,10,169,15-Jan-16
170,10,170,22-Jun-15
171,10,171,30-Mar-16
172,10,172,1-Jan-15
173,10,173,27-Oct-15
174,10,174,1-Jan-15
175,10,175,1-Jan-15
176,10,176,11-May-15
177,10,177,27-Aug-15
178,10,178,1-Jan-15
179,10,179,1-Jan-15
180,10,180,23-Jul-15
181,10,181,1-Jan-15
182,10,182,2-Sep-15
183,10,183,1-Jan-15
184,10,184,1-Jan-15
185,10,185,1-Jan-15
186,10,186,14-Apr-15
187,10,187,1-Jan-15
188,10,188,1-Jan-15
189,10,189,1-Jan-15
190,10,190,1-Jan-15
191,10,191,1-Jan-15
192,10,192,12-Aug-15
193,10,193,9-Aug-15
194,10,194,1-Jan-15
195,10,195,6-Nov-16
196,10,196,26-Jan-16
197,10,197,16-Feb-15
198,10,198,28-Apr-16
199,10,199,1-Jan-15
200,10,200,1-Jan-15
201,10,201,1-Jan-15
202,10,202,19-Sep-15
203,10,203,19-May-16
204,10,204,1-Jan-15
205,10,205,25-Jun-15
206,10,206,1-Jan-15
207,10,207,1-Jan-15
208,10,208,26-Oct-15
209,10,209,1-Jan-15
210,10,210,1-Jan-15
211,10,211,12-Mar-15
212,10,212,1-Jan-15
213,10,213,4-Jan-16
214,10,214,20-Oct-15
215,10,215,20-Jul-16
216,10,216,20-Jul-16
217,10,217,14-Aug-16
218,10,218,1-Jan-15
219,10,219,1-Jan-15
220,10,220,27-Dec-15
221,10,221,1-Jan-15
222,10,222,4-Sep-15
223,10,223,1-Jan-15
224,10,224,14-Dec-15
225,10,225,1-Jan-15
226,10,226,1-Jan-15
227,10,227,1-Jan-15
228,10,228,4-Mar-15
229,10,229,1-Jan-15
230,10,230,1-Jan-15
231,10,231,29-May-16
232,10,232,24-Jul-15
233,10,233,1-Jan-15
234,10,234,17-Aug-15
235,10,235,1-Jan-15
236,10,236,19-May-16
237,10,237,28-Oct-16
238,10,238,24-Oct-16
239,10,239,19-May-16
240,10,240,26-Dec-15
241,10,241,1-Jan-15
242,10,242,25-Aug-15
243,10,243,1-Jan-15
244,10,244,1-Jan-15
245,10,245,4-Aug-15
246,10,246,31-Jul-15
247,10,247,1-Jan-15
248,10,248,1-Jan-15
249,10,249,1-Jan-15
250,10,250,19-Feb-15
251,10,251,1-Jan-15
252,10,252,1-Jan-15
253,10,253,7-Sep-15
254,10,254,19-Apr-16
255,10,255,1-Jan-15
256,10,256,30-Nov-15
257,10,257,9-May-15
258,10,258,1-Jan-15
259,10,259,1-Jan-15
260,10,260,1-Jan-15
261,10,261,1-Jan-15
262,10,262,25-Sep-15
263,10,263,11-Jun-16
264,10,264,1-Jan-15
265,10,265,1-Jan-15
266,10,266,31-Mar-15
267,10,267,1-Jan-15
268,10,268,1-Jan-15
269,10,269,10-May-15
270,10,270,28-Feb-15
271,10,271,26-Sep-15
272,10,272,1-Oct-15
273,10,273,12-Apr-15
274,10,274,1-Jan-15
275,10,275,1-Jan-15
276,10,276,19-Jun-15
277,10,277,1-Jun-17
278,10,278,6-Feb-15
279,10,279,22-Aug-16
280,10,280,7-Feb-16
281,10,281,1-Jan-15
282,10,282,1-Feb-16
283,10,283,13-Nov-15
284,10,284,16-Mar-17
285,10,285,23-Apr-15
286,10,286,12-Aug-16
287,10,287,29-Jul-15
288,10,288,11-Jul-15
289,10,289,1-Jan-15
290,10,290,1-Jan-15
291,10,291,1-Jan-15
292,10,292,2-Jun-15
293,10,293,1-Oct-15
294,10,294,1-Jan-15
295,10,295,1-Jan-15
296,10,296,26-Jan-15
297,10,297,1-Jan-15
298,10,298,1-Jan-15
299,10,299,1-Jan-15
300,10,300,10-Sep-16
301,10,301,12-Jul-15
302,10,302,1-Jan-15
303,10,303,1-Jan-15
304,10,304,2-Apr-15
305,10,305,1-Jan-15
306,10,306,5-Nov-15
307,10,307,1-Jan-15
308,10,308,1-Jan-15
309,10,309,24-May-15
310,10,310,1-Jan-15
311,10,311,1-Jan-15
312,10,312,1-Jan-15
313,10,313,1-Jan-15
314,10,314,1-Jan-15
315,10,315,8-Jul-15
316,10,316,1-Jan-15
317,10,317,2-Mar-16
318,10,318,6-Mar-16
319,10,319,27-May-15
320,10,320,1-Jan-15
321,10,321,1-Jan-15
322,10,322,1-Jan-15
323,10,323,10-Mar-15
324,10,324,1-Jan-15
325,10,325,1-May-15
326,10,326,1-Jan-15
327,10,327,1-Jan-15
328,10,328,29-Sep-15
329,10,329,1-Jan-15
330,10,330,3-Jun-17
331,10,331,11-May-16
332,10,332,1-Jan-15
333,10,333,1-Jan-15
334,10,334,1-Jan-15
335,10,335,18-May-15
336,10,336,1-Jan-15
337,10,337,1-Jan-15
338,10,338,1-Jan-15
339,10,339,20-Oct-16
340,10,340,1-Jan-15
341,10,341,15-Jul-15
342,10,342,20-Jan-16
343,10,343,21-Jan-15
344,10,344,1-Jan-15
345,10,345,3-Jan-15
346,10,346,1-Jan-15
347,10,347,31-Dec-16
348,10,348,7-Jul-15
349,10,349,26-Jan-15
350,10,350,17-Jul-15
351,10,351,4-Mar-17
352,10,352,1-Jan-15
353,10,353,1-Jan-15
354,10,354,1-Jan-15
355,10,355,1-Jan-15
356,10,356,1-Jan-15
357,10,357,25-Feb-16
358,10,358,1-Jan-15
359,10,359,1-Jan-15
360,10,360,25-Apr-16
361,10,361,11-Jan-15
362,10,362,24-Jan-15
363,10,363,21-Mar-16
364,10,364,21-Feb-15
365,10,365,24-Nov-17
366,10,366,13-Jul-15
367,10,367,11-Jun-15
368,10,368,3-Jun-16
369,10,369,5-May-17
370,10,370,1-Jan-15
371,10,371,1-Jan-15
372,10,372,3-Jun-15
373,10,373,1-Jan-15
374,10,374,1-Jan-15
375,10,375,1-Jan-15
376,10,376,1-Jan-15
377,10,377,1-Jan-15
378,10,378,1-Jan-15
379,10,379,20-May-15
380,10,380,19-Mar-16
381,10,381,3-Mar-15
382,10,382,1-Jan-15
383,10,383,16-Jul-15
384,10,384,26-Jun-15
385,10,385,1-Jan-15
386,10,386,16-Mar-16
387,10,387,1-Jan-15
388,10,388,1-Jan-15
389,10,389,12-Jan-15
390,10,390,1-Jan-15
391,10,391,17-Jan-16
392,10,392,26-Jun-16
393,10,393,1-Jan-15
394,10,394,25-Aug-16
395,10,395,1-Jan-15
396,10,396,3-Jul-15
397,10,397,1-Jan-15
398,10,398,4-Feb-16
399,10,399,1-Jan-15
400,10,400,1-Jan-15
401,10,401,10-Apr-16
402,10,402,7-Mar-15
403,10,403,1-Jan-15
404,10,404,29-Sep-15
405,10,405,31-Dec-16
406,10,406,12-Aug-15
407,10,407,29-May-15
408,10,408,1-Jan-15
409,10,409,1-Jan-15
410,10,410,27-Sep-17
411,10,411,22-Jul-15
412,10,412,15-Nov-16
413,10,413,10-Sep-17
414,10,414,1-Jan-15
415,10,415,25-Nov-15
416,10,416,1-Jan-15
417,10,417,1-Jan-15
418,10,418,1-Jan-15
419,10,419,2-May-15
420,10,420,2-Feb-15
421,10,421,6-Feb-15
422,10,422,1-Jan-15
423,10,423,18-Nov-15
424,10,424,9-Jan-16
425,10,425,22-Jan-15
426,10,426,1-Jan-15
427,10,427,1-Jan-15
428,10,428,1-Aug-15
429,10,429,26-Jan-16
430,10,430,15-May-16
431,10,431,28-Mar-16
432,10,432,15-Nov-15
433,10,433,1-Jan-15
434,10,434,11-Apr-15
435,10,435,1-Jan-15
436,10,436,29-Sep-15
437,10,437,1-Jan-15
438,10,438,1-Jan-15
439,10,439,1-Jan-15
440,10,440,1-Jan-15
441,10,441,20-Jan-15
442,10,442,12-Sep-15
443,10,443,1-Jan-15
444,10,444,27-Jul-16
445,10,445,26-Nov-15
446,10,446,23-Jan-15
447,10,447,1-Jan-15
448,10,448,1-Jan-15
449,10,449,28-Aug-15
450,10,450,8-Oct-16
451,10,451,1-Jan-15
452,10,452,1-Jan-15
453,10,453,23-Sep-16
454,10,454,7-Aug-15
455,10,455,1-Jan-15
456,10,456,24-May-15
457,10,457,1-Jan-15
458,10,458,1-Jan-15
459,10,459,1-Jan-15
460,10,460,9-May-15
461,10,461,22-Feb-16
462,10,462,25-Jan-16
463,10,463,1-Jan-15
464,10,464,1-Jan-15
465,10,465,18-Mar-16
466,10,466,4-Feb-15
467,10,467,5-Apr-15
468,10,468,2-Jun-15
469,10,469,22-Nov-15
470,10,470,1-Jan-15
471,10,471,1-Jan-15
472,10,472,1-Jan-15
473,10,473,1-Jan-15
474,10,474,1-Jan-15
475,10,475,1-Jan-15
476,10,476,10-Nov-15
477,10,477,1-Jan-15
478,10,478,8-May-16
479,10,479,1-Jan-15
480,10,480,27-Jun-15
481,10,481,1-May-15
482,10,482,1-Jan-15
483,10,483,23-Apr-15
484,10,484,1-Jan-15
485,10,485,24-Sep-15
486,10,486,1-Jan-15
487,10,487,10-Apr-16
488,10,488,1-Jan-15
489,10,489,1-Jan-15
490,10,490,4-Mar-15
491,10,491,9-Jul-15
492,10,492,1-Jan-15
493,10,493,1-Jan-15
494,10,494,30-Jun-15
495,10,495,16-Jun-15
496,10,496,1-Jan-15
497,10,497,6-Nov-16
498,10,498,1-Jan-15
499,10,499,1-Jan-15
500,10,500,1-Jan-15
501,10,501,28-Nov-15
502,10,502,1-Jan-15
503,10,503,22-Oct-15
504,10,504,29-May-15
505,10,505,1-Jan-15
506,10,506,24-Aug-16
507,10,507,1-Jan-15
508,10,508,23-Feb-15
509,10,509,2-May-15
510,10,510,1-Jan-15
511,10,511,1-Jan-15
512,10,512,5-Nov-15
513,10,513,22-Apr-16
514,10,514,3-Apr-15
515,10,515,1-Jan-15
516,10,516,1-Jan-15
517,10,517,29-Oct-16
518,10,518,24-Dec-15
519,10,519,1-Jan-15
520,10,520,15-Jul-16
521,10,521,1-Jan-15
522,10,522,20-Feb-15
523,10,523,29-Apr-15
524,10,524,1-Jan-15
525,10,525,1-Jan-15
526,10,526,1-Jan-15
527,10,527,25-May-15
528,10,528,1-Jan-15
529,10,529,1-Jan-15
530,10,530,1-Jan-15
531,10,531,20-Sep-15
532,10,532,1-Jan-15
533,10,533,1-Jan-15
534,10,534,1-Jan-15
535,10,535,18-Apr-15
536,10,536,1-Jan-15
537,10,537,1-Jan-15
538,10,538,1-Jan-15
539,10,539,4-Feb-16
540,10,540,1-Jan-15
541,10,541,24-Apr-15
542,10,542,1-Jan-15
543,10,543,1-Jan-15
544,10,544,13-Nov-15
545,10,545,6-Mar-15
546,10,546,9-Sep-15
547,10,547,1-Jan-15
548,10,548,30-May-15
549,10,549,21-Feb-15
550,10,550,1-Jan-15
551,10,551,15-Feb-15
552,10,552,1-Jan-15
553,10,553,1-Jan-15
554,10,554,1-Jan-15
555,10,555,12-Aug-16
556,10,556,16-Aug-15
557,10,557,1-Jan-15
558,10,558,1-Jan-15
559,10,559,1-Jan-15
560,10,560,1-Jan-15
561,10,561,1-Jan-15
562,10,562,6-Jun-15
563,10,563,1-Jan-15
564,10,564,17-Jun-15
565,10,565,10-Nov-17
566,10,566,1-Jan-15
567,10,567,17-Dec-15
568,10,568,17-Apr-15
569,10,569,1-Jan-15
570,10,570,17-Jul-15
571,10,571,1-Mar-16
572,10,572,21-Aug-15
573,10,573,1-Jan-15
574,10,574,1-Jan-15
575,10,575,1-Jan-15
576,10,576,14-Jul-15
577,10,577,29-Apr-15
578,10,578,4-Nov-15
579,10,579,3-Feb-15
580,10,580,1-Jan-15
581,10,581,3-Feb-15
582,10,582,9-Jan-15
583,10,583,1-Jan-15
584,10,584,16-Oct-15
585,10,585,1-Jan-15
586,10,586,1-Jan-15
587,10,587,28-May-15
588,10,588,1-Jan-15
589,10,589,3-Jan-16
590,10,590,29-Jan-15
591,10,591,11-Oct-15
592,10,592,1-Jan-15
593,10,593,18-Feb-15
594,10,594,1-Jan-15
595,10,595,1-Jan-15
596,10,596,1-Jan-15
597,10,597,1-Jan-15
598,10,598,17-Aug-15
599,10,599,1-Jan-15
600,10,600,18-Jun-16
601,10,601,1-Jan-15
602,10,602,25-May-16
603,10,603,1-Jan-15
604,10,604,1-Jan-15
605,10,605,8-Oct-15
606,10,606,1-Jan-15
607,10,607,22-Jun-15
608,10,608,1-Jan-15
609,10,609,1-Jan-15
610,10,610,19-Aug-15
611,10,611,1-Jan-15
612,10,612,1-Mar-15
613,10,613,30-Apr-16
614,10,614,22-Jun-15
615,10,615,19-Sep-15
616,10,616,1-Jan-15
617,10,617,7-Jul-16
618,10,618,30-Jan-16
619,10,619,13-Sep-15
620,10,620,20-Mar-15
621,10,621,20-Nov-15
622,10,622,13-Jun-16
623,10,623,24-Jun-16
624,10,624,2-Jan-16
625,10,625,1-Jan-15
626,10,626,5-Feb-15
627,10,627,14-Jul-16
628,10,628,1-Jan-15
629,10,629,24-Aug-15
630,10,630,1-Jan-15
631,10,631,1-Jan-15
632,10,632,1-Jan-15
633,10,633,1-Jan-15
634,10,634,1-Jan-15
635,10,635,1-Jan-15
636,10,636,1-Jan-15
637,10,637,31-Jul-16
638,10,638,1-Jan-15
639,10,639,25-Jan-15
640,10,640,1-Jan-15
641,10,641,11-May-16
642,10,642,28-Feb-15
643,10,643,1-Jan-15
644,10,644,20-Jan-16
645,10,645,10-Jun-15
646,10,646,29-Aug-15
647,10,647,1-Jan-15
648,10,648,1-Jan-15
649,10,649,18-Feb-16
650,10,650,1-Jan-15
651,10,651,1-Jan-15
652,10,652,8-Jan-16
653,10,653,1-Jan-15
654,10,654,1-Jan-15
655,10,655,1-Jan-15
656,10,656,1-Jan-15
657,10,657,1-Jan-15
658,10,658,18-Nov-15
659,10,659,5-Oct-15
660,10,660,18-Jul-15
661,10,661,9-Jul-15
662,10,662,31-Jan-16
663,10,663,5-Dec-15
664,10,664,1-Jan-15
665,10,665,1-Jan-15
666,10,666,1-Jan-15
667,10,667,1-Jan-15
668,10,668,26-Jun-15
669,10,669,1-Jan-15
670,10,670,19-Jul-16
671,10,671,18-Sep-15
672,10,672,18-Aug-15
673,10,673,1-Jan-15
674,10,674,1-Jan-15
675,10,675,6-Nov-16
676,10,676,1-Jan-15
677,10,677,5-Dec-15
678,10,678,10-Jul-15
679,10,679,5-Feb-15
680,10,680,1-Jan-15
681,10,681,1-Jan-15
682,10,682,13-Jan-16
683,10,683,1-Jan-15
684,10,684,7-Dec-17
685,10,685,1-Jun-16
686,10,686,1-Jan-15
687,10,687,1-Jan-15
688,10,688,8-Jan-17
689,10,689,24-May-15
690,10,690,8-Dec-16
691,10,691,1-Jan-15
692,10,692,17-Dec-15
693,10,693,1-Jan-15
694,10,694,1-Jan-15
695,10,695,5-Apr-15
696,10,696,1-Jan-15
697,10,697,12-Sep-15
698,10,698,20-Apr-16
699,10,699,4-Jan-16
700,10,700,14-Oct-15
701,10,701,1-Jan-15
702,10,702,26-Feb-15
703,10,703,1-Jan-15
704,10,704,1-Jan-15
705,10,705,17-Sep-15
706,10,706,21-Mar-16
707,10,707,29-Mar-16
708,10,708,1-Jan-15
709,10,709,1-Jan-15
710,10,710,9-Feb-15
711,10,711,1-Jan-15
712,10,712,1-Jan-15
713,10,713,14-May-16
714,10,714,1-Jan-15
715,10,715,1-Jan-15
716,10,716,1-Jan-15
717,10,717,1-Jan-15
718,10,718,1-Jan-15
719,10,719,5-Aug-15
720,10,720,1-Jan-15
721,10,721,1-Jan-15
722,10,722,1-Jan-15
723,10,723,29-Apr-15
724,10,724,9-Jan-16
725,10,725,14-Oct-15
726,10,726,15-Feb-15
727,10,727,28-Sep-15
728,10,728,1-Jan-15
729,10,729,10-Jun-15
730,10,730,20-Jun-15
731,10,731,19-Nov-15
732,10,732,29-Sep-15
733,10,733,9-Oct-15
734,10,734,1-Jan-15
735,10,735,1-Jan-15
736,10,736,9-Feb-15
737,10,737,28-Sep-15
738,10,738,1-Jan-15
739,10,739,1-Jan-15
740,10,740,1-Jan-15
741,10,741,1-Jan-15
742,10,742,1-Jan-15
743,10,743,28-Feb-16
744,10,744,11-Apr-17
745,10,745,1-Jan-15
746,10,746,1-Jan-15
747,10,747,1-Jan-15
748,10,748,12-Dec-16
749,10,749,29-Mar-15
750,10,750,1-Jan-15
751,10,751,1-Jan-15
752,10,752,17-Jun-15
753,10,753,13-Jun-15
754,10,754,23-Nov-16
755,10,755,9-May-15
756,10,756,7-Sep-15
757,10,757,11-May-16
758,10,758,12-Aug-15
759,10,759,1-Jan-15
760,10,760,28-Jan-16
761,10,761,30-Nov-16
762,10,762,1-Jan-15
763,10,763,1-Jan-15
764,10,764,21-May-15
765,10,765,6-Jan-15
766,10,766,1-Jan-15
767,10,767,21-Nov-15
768,10,768,13-Oct-15
769,10,769,1-Jan-15
770,10,770,6-Oct-15
771,10,771,15-May-16
772,10,772,15-May-16
773,10,773,26-Apr-15
774,10,774,21-Apr-16
775,10,775,1-Jan-15
776,10,776,12-Jul-15
777,10,777,19-Jan-15
778,10,778,13-Jan-15
779,10,779,1-Jan-15
780,10,780,1-Nov-15
781,10,781,15-Jan-15
782,10,782,1-Jan-15
783,10,783,4-Feb-15
784,10,784,3-Feb-16
785,10,785,1-Jan-15
786,10,786,11-Nov-15
787,10,787,1-Jan-15
788,10,788,15-Feb-15
789,10,789,1-Jan-15
790,10,790,5-Nov-15
791,10,791,1-Jan-15
792,10,792,16-Jan-15
793,10,793,6-Jun-15
794,10,794,20-Apr-16
795,10,795,26-May-16
796,10,796,1-Jan-15
797,10,797,26-Apr-15
798,10,798,28-Sep-15
799,10,799,13-Apr-15
800,10,800,13-May-16
801,10,801,13-Oct-16
802,10,802,1-Jan-15
803,10,803,1-Jan-15
804,10,804,28-May-15
805,10,805,1-Jan-15
806,10,806,1-Jan-15
807,10,807,7-Oct-15
808,10,808,1-Jan-15
809,10,809,1-Jan-15
810,10,810,15-Jan-15
811,10,811,2-Mar-15
812,10,812,12-Jan-15
813,10,813,13-Dec-15
814,10,814,1-Jan-15
815,10,815,1-Jan-15
816,10,816,15-Jul-16
817,10,817,1-Jan-15
818,10,818,29-Jan-15
819,10,819,17-Dec-15
820,10,820,1-Jan-15
821,10,821,1-Jan-15
822,10,822,18-Sep-15
823,10,823,24-Apr-15
824,10,824,1-Jan-15
825,10,825,4-Sep-15
826,10,826,1-Jan-15
827,10,827,1-Jan-15
828,10,828,1-Jan-15
829,10,829,1-Jan-15
830,10,830,9-Sep-16
831,10,831,3-Nov-15
832,10,832,6-Jul-16
833,10,833,1-Jan-15
834,10,834,1-Jan-15
835,10,835,1-Jan-15
836,10,836,1-Jan-15
837,10,837,1-Jan-15
838,10,838,11-Dec-15
839,10,839,22-Nov-15
840,10,840,2-Nov-15
841,10,841,29-Jun-15
842,10,842,1-Jan-15
843,10,843,1-Jan-15
844,10,844,1-Jan-15
845,10,845,30-Jan-15
846,10,846,2-May-15
847,10,847,16-May-16
848,10,848,22-Apr-16
849,10,849,4-May-15
850,10,850,1-Jan-15
851,10,851,1-Jan-15
852,10,852,23-Nov-15
853,10,853,15-May-15
854,10,854,17-Apr-15
855,10,855,1-Jan-15
856,10,856,4-Jan-15
857,10,857,1-Jan-15
858,10,858,1-Jul-15
859,10,859,24-Mar-15
860,10,860,1-May-15
861,10,861,1-Jan-15
862,10,862,1-Jan-15
863,10,863,1-Jan-15
864,10,864,9-Jan-16
865,10,865,29-Jul-15
866,10,866,1-Jan-15
867,10,867,1-Jan-15
868,10,868,20-Nov-15
869,10,869,25-Jul-16
870,10,870,1-Jan-15
871,10,871,1-Jan-15
872,10,872,1-Jan-15
873,10,873,1-Jan-15
874,10,874,1-Jan-15
875,10,875,28-Apr-15
876,10,876,16-Apr-15
877,10,877,28-Apr-15
878,10,878,1-Jan-15
879,10,879,1-Jan-15
880,10,880,17-Sep-15
881,10,881,1-Jan-15
882,10,882,25-May-15
883,10,883,22-Mar-15
884,10,884,1-Jan-15
885,10,885,1-Jan-15
886,10,886,1-Jan-15
887,10,887,1-Jan-15
888,10,888,21-Dec-15
889,10,889,1-Jan-15
890,10,890,26-May-16
891,10,891,11-Jan-15
892,10,892,1-Jan-15
893,10,893,1-Jan-15
894,10,894,29-Jul-17
895,10,895,1-Jan-15
896,10,896,21-May-15
897,10,897,20-Jun-15
898,10,898,1-Jan-15
899,10,899,17-May-15
900,10,900,1-Jan-15
901,10,901,12-Dec-15
902,10,902,1-Jan-15
903,10,903,1-Jan-15
904,10,904,1-Jan-15
905,10,905,1-Jan-15
906,10,906,12-Feb-16
907,10,907,1-Jan-15
908,10,908,1-Jan-15
909,10,909,1-Jan-15
910,10,910,26-Feb-15
911,10,911,22-Jan-16
912,10,912,9-Jan-15
913,10,913,23-Feb-15
914,10,914,1-Jan-15
915,10,915,17-Feb-15
916,10,916,14-May-15
917,10,917,1-Jan-15
918,10,918,15-May-17
919,10,919,14-Apr-17
920,10,920,1-Jan-15
921,10,921,1-Jan-15
922,10,922,1-Jan-15
923,10,923,4-Dec-15
924,10,924,1-Jan-15
925,10,925,20-May-18
926,10,926,16-Jan-16
927,10,927,21-Jul-15
928,10,928,1-Jan-15
929,10,929,1-Jan-15
930,10,930,1-Jan-15
931,10,931,1-Jan-15
932,10,932,29-Jan-15
933,10,933,1-Jan-15
934,10,934,1-Jan-15
935,10,935,1-Jan-15
936,10,936,25-Apr-15
937,10,937,17-Feb-16
938,10,938,1-Jan-15
939,10,939,1-Jan-15
940,10,940,1-Jan-15
941,10,941,13-Mar-17
942,10,942,4-Feb-16
943,10,943,7-May-16
944,10,944,1-Jan-15
945,10,945,1-Jan-15
946,10,946,1-Jan-15
947,10,947,26-Apr-16
948,10,948,27-Mar-16
949,10,949,25-Mar-16
950,10,950,14-Jan-15
951,10,951,28-Mar-16
952,10,952,1-Jan-15
953,10,953,17-Jun-17
954,10,954,1-Jan-15
955,10,955,23-Jan-15
956,10,956,27-Apr-15
957,10,957,1-Jan-15
958,10,958,1-Apr-15
959,10,959,1-Jan-15
960,10,960,12-Jun-16
961,10,961,7-Oct-15
962,10,962,26-Nov-15
963,10,963,1-Jan-15
964,10,964,8-Aug-15
965,10,965,2-Oct-15
966,10,966,1-Jan-15
967,10,967,8-Feb-16
968,10,968,20-Jun-15
969,10,969,25-Jul-15
970,10,970,21-Mar-16
971,10,971,19-May-15
972,10,972,1-Jan-15
973,10,973,1-Jan-15
974,10,974,1-Jan-15
975,10,975,1-Jan-15
976,10,976,17-Jun-15
977,10,977,1-Jan-15
978,10,978,16-Jan-15
979,10,979,23-May-15
980,10,980,1-Jan-15
981,10,981,9-Sep-15
982,10,982,22-Jun-16
983,10,983,1-Jan-15
984,10,984,1-Jan-15
985,10,985,1-Jan-15
986,10,986,25-Aug-16
987,10,987,20-Apr-15
988,10,988,21-Aug-15
989,10,989,29-Jan-15
990,10,990,1-Jan-15
991,10,991,5-Apr-15
992,10,992,1-Jan-15
993,10,993,11-May-16
994,10,994,1-Jan-15
995,10,995,30-Oct-15
996,10,996,19-Nov-15
997,10,997,19-Dec-15
998,10,998,1-Jan-15
999,10,999,22-Jan-16
1000,10,1000,29-Apr-15
1001,91,201,6-Jun-15
1002,10,1001,19-May-15
1003,90,599,31-Jan-15
1004,10,1002,21-May-15
1005,91,531,3-Oct-15
1006,10,1003,14-Mar-15
1007,91,140,27-Oct-15
1008,10,1004,22-Oct-15
1009,90,210,26-Jun-15
1010,10,1005,7-Jun-15
1011,90,909,14-Apr-15
1012,10,1006,4-Mar-15
1013,10,1007,9-Jan-15
1014,90,781,5-Jan-16
1015,10,1008,12-Jun-15
1016,90,488,17-Jun-15
1017,10,1009,12-Feb-15
1018,90,9,7-Apr-15
1019,10,1010,16-Oct-15
1020,91,799,27-Apr-15
1021,10,1011,21-May-15
1022,90,756,15-Sep-15
1023,10,1012,18-Jun-15
1024,91,9,22-Feb-15
1025,10,1013,16-Sep-15
1026,90,958,31-Oct-15
1027,10,1014,6-Aug-15
1028,90,40,27-Aug-15
1029,10,1015,18-Jun-15
1030,90,824,21-May-15
1031,10,1016,8-May-15
1032,91,457,23-Sep-15
1033,10,1017,22-Mar-15
1034,91,779,18-May-15
1035,10,1018,14-Mar-15
1036,91,233,23-Feb-16
1037,10,1019,27-Sep-15
1038,10,1020,29-Jul-15
1039,91,804,27-Jul-15
1040,10,1021,25-Jun-15
1041,90,631,9-Aug-15
1042,10,1022,6-Apr-15
1043,10,1023,26-Apr-15
1044,10,1024,17-May-15
1045,10,1025,10-May-15
1046,90,608,16-Jul-15
1047,10,1026,9-Jun-15
1048,90,142,19-Jun-15
1049,10,1027,16-Jan-16
1050,91,620,14-Feb-16
1051,10,1028,29-Nov-15
1052,10,1029,28-Aug-15
1053,90,373,8-Jun-15
1054,10,1030,6-Oct-15
1055,10,1031,8-Nov-15
1056,10,1032,22-May-15
1057,91,674,19-Mar-15
1058,10,1033,1-Jan-15
1059,10,1034,19-Aug-15
1060,10,1035,23-Mar-15
1061,90,334,4-Feb-15
1062,10,1036,28-Sep-15
1063,10,1037,23-Aug-15
1064,90,183,30-Jun-15
1065,10,1038,18-Mar-15
1066,90,464,4-Apr-15
1067,10,1039,31-Jul-15
1068,90,650,5-Jun-15
1069,10,1040,1-Jan-15
1070,91,935,30-Apr-15
1071,10,1041,31-May-15
1072,10,1042,1-Jan-15
1073,91,370,15-Oct-15
1074,10,1043,22-Aug-15
1075,10,1044,27-Jun-15
1076,10,1045,27-Apr-15
1077,10,1046,3-Jul-15
1078,90,655,25-Jun-15
1079,10,1047,19-Jun-15
1080,10,1048,8-Oct-15
1081,10,1049,18-Jul-15
1082,91,630,9-Jun-15
1083,10,1050,1-Aug-15
1084,90,133,8-May-15
1085,10,1051,26-Oct-15
1086,90,328,18-May-16
1087,10,1052,17-May-16
1088,90,293,14-May-16
1089,10,1053,22-Jan-16
1090,91,564,21-May-16
1091,10,1054,13-May-16
1092,91,207,17-Apr-16
1093,10,1055,25-Feb-16
1094,91,662,17-Jul-16
1095,10,1056,29-Jul-16
1096,91,721,28-Jul-16
1097,10,1057,12-Sep-16
1098,91,728,26-Jan-16
1099,10,1058,2-Feb-17
1100,90,666,2-May-16
1101,10,1059,1-Feb-16
1102,91,133,21-May-16
1103,10,1060,12-Jan-17
1104,90,882,17-Oct-16
1105,10,1061,7-Apr-16
1106,91,794,30-Oct-16
1107,10,1062,1-Dec-16
1108,10,1063,24-Mar-16
1109,90,1006,30-Apr-16
1110,10,1064,17-Mar-16
1111,90,387,20-Jul-16
1112,10,1065,3-Jul-16
1113,90,834,3-Apr-16
1114,10,1066,19-Mar-16
1115,90,846,9-Aug-16
1116,10,1067,25-Jul-16
1117,90,715,27-Jul-16
1118,10,1068,20-Jun-16
1119,90,441,4-Aug-16
1120,10,1069,29-Feb-16
1121,90,190,5-Jul-16
1122,10,1070,8-Jun-16
1123,90,557,18-Aug-16
1124,10,1071,25-Mar-16
1125,90,81,13-Apr-17
1126,10,1072,2-Sep-16
1127,90,321,19-Jun-16
1128,10,1073,19-Oct-16
1129,91,976,25-Mar-16
1130,10,1074,30-Sep-16
1131,91,728,15-Sep-16
1132,10,1075,16-Jun-16
1133,10,1076,11-Apr-16
1134,90,588,2-Feb-16
1135,10,1077,4-Aug-16
1136,91,63,25-Aug-16
1137,10,1078,7-Mar-16
1138,90,264,9-Apr-16
1139,10,1079,22-Mar-16
1140,90,582,14-Aug-16
1141,10,1080,18-Jul-16
1142,90,95,29-Oct-16
1143,10,1081,22-Jun-16
1144,90,482,3-Jul-16
1145,10,1082,8-Jun-16
1146,90,609,18-Jun-16
1147,10,1083,10-Oct-16
1148,91,42,21-Sep-16
1149,10,1084,9-May-16
1150,90,126,20-Jun-16
1151,10,1085,15-Feb-16
1152,10,1086,4-Jul-16
1153,90,504,25-Nov-16
1154,10,1087,25-Jul-16
1155,91,769,13-Aug-16
1156,10,1088,4-Apr-16
1157,91,580,14-Nov-16
1158,10,1089,24-Jul-16
1159,90,1046,27-Mar-16
1160,10,1090,27-May-16
1161,10,1091,8-Feb-16
1162,90,211,19-Apr-16
1163,10,1092,8-Sep-16
1164,90,420,6-Apr-16
1165,10,1093,21-Dec-16
1166,91,621,7-Aug-16
1167,10,1094,14-Oct-16
1168,91,959,26-Sep-16
1169,10,1095,8-Jul-16
1170,91,671,23-Jun-16
1171,10,1096,27-Jul-16
1172,90,587,12-Sep-16
1173,10,1097,20-Apr-16
1174,90,648,26-Jun-16
1175,10,1098,11-Jun-16
1176,90,348,15-Jun-16
1177,10,1099,16-Sep-16
1178,91,514,28-Dec-15
1179,10,1100,27-Sep-16
1180,90,82,29-Apr-16
1181,10,1101,10-Aug-16
1182,90,666,4-May-16
1183,10,1102,16-Jul-16
1184,10,1103,29-Mar-16
1185,90,214,11-Oct-16
1186,10,1104,2-Mar-16
1187,91,1028,21-Apr-16
1188,10,1105,28-Oct-16
1189,91,309,26-Sep-17
1190,10,1106,23-Sep-17
1191,91,625,7-Aug-17
1192,10,1107,25-Sep-17
1193,91,1071,2-Sep-17
1194,10,1108,13-Mar-17
1195,91,126,22-Apr-17
1196,10,1109,15-Feb-17
1197,90,835,6-Aug-17
1198,10,1110,4-Oct-17
1199,91,839,16-Sep-17
1200,10,1111,19-Apr-17
1201,91,53,21-Jul-17
1202,10,1112,4-Apr-17
1203,90,147,15-Jan-17
1204,10,1113,4-Apr-17
1205,91,1040,18-Nov-17
1206,10,1114,26-Jun-17
1207,91,117,4-Jun-17
1208,10,1115,1-Nov-17
1209,91,1,29-May-17
1210,10,1116,8-Jul-17
1211,91,1052,20-Apr-17
1212,10,1117,24-Apr-17
1213,91,253,6-Aug-17
1214,10,1118,26-Oct-17
1215,91,837,9-Nov-17
1216,10,1119,9-Jul-17
1217,90,155,16-Sep-17
1218,10,1120,20-May-17
1219,90,266,27-Mar-17
1220,10,1121,10-Jun-17
1221,90,794,3-Sep-17
1222,10,1122,24-Jan-17
1223,91,234,15-Sep-17
1224,10,1123,21-May-17
1225,90,781,8-Nov-17
1226,10,1124,22-Sep-17
1227,91,338,5-Jun-17
1228,10,1125,19-Sep-17
1229,90,486,10-May-17
1230,10,1126,4-Jul-17
1231,91,985,10-Sep-17
1232,10,1127,13-Feb-17
1233,91,273,12-Aug-17
1234,10,1128,23-Mar-17
1235,90,138,15-Jun-17
1236,10,1129,7-Jul-17
1237,91,1099,14-Aug-17
1238,10,1130,11-Nov-17
1239,90,834,26-Sep-17
1240,10,1131,7-May-17
1241,90,414,27-Dec-16
1242,10,1132,17-Nov-16
1243,90,855,10-Jul-17
1244,10,1133,15-Nov-17
1245,91,250,29-Jun-17
1246,10,1134,8-May-17
1247,91,430,29-Mar-17
1248,10,1135,1-Aug-17
1249,91,665,1-Feb-17
1250,10,1136,24-Nov-17
1251,90,1053,8-Jan-18
1252,10,1137,27-Apr-17
1253,91,489,18-Mar-17
1254,10,1138,27-Aug-17
1255,90,226,22-Jun-17
1256,10,1139,6-Aug-17
1257,91,603,19-Jul-17
1258,10,1140,24-Jul-17
1259,90,1019,9-Jun-17
1260,10,1141,9-May-17
1261,90,592,8-Dec-16
1262,10,1142,2-Aug-17
1263,91,1028,24-Jul-17
1264,10,1143,21-Jul-17
1265,91,401,1-Oct-17
1266,10,1144,30-May-17
1267,90,637,15-Jul-17
1268,10,1145,19-Jul-17
1269,91,697,18-Dec-17
1270,10,1146,14-Aug-17
1271,90,266,5-May-17
1272,10,1147,23-Jul-17
1273,90,465,21-Jun-17
1274,10,1148,13-Apr-17
1275,90,937,11-Apr-17
1276,10,1149,30-Jul-17
1277,90,955,15-Sep-17
1278,10,1150,23-Jun-17
1279,10,1151,24-Aug-17
1280,91,358,4-Apr-17
1281,10,1152,6-Sep-17
1282,90,165,9-Apr-17
1283,10,1153,4-Jul-17
1284,90,837,29-May-17
1285,10,1154,14-Feb-17
1286,10,1155,16-Oct-17
1287,10,1156,10-Jun-17
1288,90,944,5-Aug-17
1289,10,1157,31-Jul-17
1290,91,1014,27-Mar-17
1291,10,1158,26-Aug-17
1292,91,178,6-Jul-17
1293,10,1159,26-Jun-17
1294,90,781,10-Jun-17
1295,10,1160,30-Jul-17
1296,90,243,25-Oct-17
1297,10,1161,27-Aug-17
1298,90,950,21-Nov-18
1299,10,1162,3-Jun-18
1300,90,867,30-May-18
1301,10,1163,13-May-18
1302,90,76,17-Sep-18
1303,10,1164,14-Aug-18
1304,91,350,7-Jan-19
1305,10,1165,20-Feb-19
1306,90,1084,6-Oct-18
1307,10,1166,9-Jun-18
1308,90,687,21-Jul-18
1309,10,1167,7-May-18
1310,91,814,17-Apr-18
1311,10,1168,7-Sep-18
1312,91,647,11-Apr-18
1313,10,1169,16-Jun-18
1314,91,766,17-Nov-17
1315,10,1170,10-Aug-18
1316,91,609,20-Oct-18
1317,10,1171,22-Sep-18
1318,91,1042,18-Jul-18
1319,10,1172,13-Jul-18
1320,91,228,6-Jul-18
1321,10,1173,7-Jul-18
1322,91,292,28-Jan-18
1323,10,1174,24-Feb-18
1324,90,525,22-Aug-18
1325,10,1175,7-Jul-18
1326,91,353,24-Oct-18
1327,10,1176,23-Jul-18
1328,90,157,11-Dec-18
1329,10,1177,28-Apr-18
1330,90,461,2-Jun-18
1331,10,1178,2-Mar-18
1332,91,459,19-Apr-18
1333,10,1179,27-Oct-18
1334,91,184,11-Jun-18
1335,10,1180,6-Feb-18
1336,91,164,12-Oct-18
1337,10,1181,10-Jun-18
1338,90,52,14-Jul-18
1339,10,1182,15-Jul-18
1340,91,921,2-May-18
1341,10,1183,25-May-18
1342,90,878,21-Apr-18
1343,10,1184,11-Jul-18
1344,91,303,19-Sep-18
1345,10,1185,3-Jun-18
1346,91,663,30-Dec-18
1347,10,1186,11-Sep-18
1348,91,7,8-Oct-18
1349,10,1187,5-Jun-18
1350,91,158,22-Dec-17
1351,10,1188,9-Jun-18
1352,90,571,27-Jun-18
1353,10,1189,20-Sep-18
1354,91,49,28-Aug-18
1355,10,1190,4-Sep-18
1356,91,257,15-Sep-18
1357,10,1191,14-Apr-18
1358,90,210,16-Apr-18
1359,10,1192,5-Jan-18
1360,91,811,15-Dec-18
1361,10,1193,5-Oct-18
1362,90,1139,28-Oct-18
1363,10,1194,6-Sep-18
1364,91,422,9-Jun-18
1365,10,1195,5-May-18
1366,90,872,26-Mar-18
1367,10,1196,14-Jul-18
1368,91,917,20-Apr-18
1369,10,1197,17-Jun-18
1370,90,1176,4-Oct-18
1371,10,1198,31-Mar-18
1372,90,557,26-Aug-18
1373,10,1199,19-Jun-18
1374,91,173,22-Aug-18
1375,10,1200,11-Oct-18
1376,90,142,7-Sep-18
1377,10,1201,20-Nov-18
1378,91,167,24-Jan-19
1379,10,1202,31-May-18
1380,90,290,28-Oct-18
1381,10,1203,3-Apr-18
1382,10,1204,2-May-18
1383,91,61,29-Apr-18
1384,10,1205,22-Jul-18
1385,91,996,18-Mar-18
1386,10,1206,16-Jul-18
1387,91,73,18-Sep-18
1388,10,1207,31-Oct-17
1389,91,300,22-Feb-18
1390,10,1208,1-May-18
1391,90,649,25-Aug-18
1392,10,1209,7-May-18
1393,90,1168,16-Nov-18
1394,10,1210,5-Jun-18
1395,90,348,15-Sep-18
1396,10,1211,25-May-18
1397,90,31,28-Jul-18
1398,10,1212,23-Apr-18
1399,90,749,3-Jun-18
1400,10,1213,25-May-18
1401,91,421,26-Aug-18
1402,10,1214,17-Sep-18
1403,90,103,29-Jul-18
1404,10,1215,7-Sep-18
1405,90,588,15-Sep-18
1406,10,1216,2-Feb-18
1407,91,345,3-Aug-18
1408,10,1217,21-Sep-18
1409,90,676,26-Nov-18
1410,10,1218,16-Dec-17
1411,91,628,23-Dec-17
1412,10,1219,27-Sep-18
1413,90,701,17-Jun-18
1414,10,1220,20-Jul-18
1415,90,513,20-May-19
1416,10,1221,3-Aug-19
1417,90,780,27-Jul-19
1418,10,1222,20-Sep-19
1419,91,1144,30-Sep-19
1420,10,1223,1-May-19
1421,90,858,19-Jan-19
1422,10,1224,11-Jul-19
1423,90,199,15-Jun-19
1424,10,1225,12-Jan-20
1425,90,1100,14-Jan-19
1426,10,1226,3-Apr-19
1427,90,1198,4-Apr-19
1428,10,1227,18-May-19
1429,90,782,13-Nov-19
1430,10,1228,21-Jul-19
1431,90,620,16-Jun-19
1432,10,1229,2-Sep-19
1433,91,1149,15-Jul-19
1434,10,1230,27-Sep-19
1435,91,954,29-Jun-19
1436,10,1231,25-Jul-19
1437,91,862,12-Oct-19
1438,10,1232,15-Aug-19
1439,91,202,27-Jul-19
1440,10,1233,26-Jun-19
1441,91,1173,15-Sep-19
1442,10,1234,22-Jun-19
1443,91,573,2-Jun-19
1444,10,1235,15-Oct-19
1445,90,215,16-Aug-19
1446,10,1236,31-Aug-19
1447,91,845,8-Sep-19
1448,10,1237,2-May-19
1449,91,364,22-Oct-19
1450,10,1238,27-Aug-19
1451,91,1118,6-Apr-19
1452,10,1239,29-Apr-19
1453,91,1215,20-May-19
1454,10,1240,19-Jun-19
1455,90,988,6-Apr-19
1456,10,1241,15-Mar-19
1457,90,314,3-Apr-19
1458,10,1242,6-Nov-19
1459,90,822,9-Mar-19
1460,10,1243,21-Jul-19
1461,90,748,27-Feb-20
1462,10,1244,28-May-19
1463,90,43,30-Jul-19
1464,10,1245,9-Jul-19
1465,91,132,28-Nov-19
1466,10,1246,12-Jul-19
1467,91,322,12-Jul-19
1468,10,1247,2-May-19
1469,90,311,2-Sep-19
1470,10,1248,12-May-19
1471,91,728,14-Jan-19
1472,10,1249,6-May-19
1473,91,521,2-Sep-19
1474,10,1250,17-Jun-19
1475,91,802,27-Jul-19
1476,10,1251,30-Nov-19
1477,90,361,21-Apr-19
1478,10,1252,19-Nov-19
1479,90,500,24-Nov-19
1480,10,1253,25-May-19
1481,90,734,18-Jul-19
1482,10,1254,9-Nov-19
1483,90,1159,22-Oct-19
1484,10,1255,17-Nov-19
1485,91,1144,23-Jun-19
1486,10,1256,18-Aug-19
1487,91,707,17-Jul-19
1488,10,1257,8-Jun-19
1489,91,802,4-Jul-19
1490,10,1258,19-May-19
1491,90,465,8-Jul-19
1492,10,1259,14-Jun-19
1493,91,71,7-Jun-19
1494,10,1260,22-Sep-19
1495,91,1120,29-Oct-19
1496,10,1261,24-Apr-19
1497,91,351,3-Aug-19
1498,10,1262,8-Aug-19
1499,91,786,7-Jul-19
1500,10,1263,12-May-19
1501,90,733,15-Mar-19
1502,10,1264,19-Aug-19
1503,90,996,29-Mar-19
1504,10,1265,11-Jul-19
1505,91,234,19-Mar-19
1506,10,1266,25-Aug-19
1507,91,253,9-May-19
1508,10,1267,19-Nov-19
1509,91,862,20-Aug-19
1510,10,1268,19-Jul-19
1511,90,477,5-Jun-19
1512,10,1269,22-Feb-19
1513,91,706,9-Jul-19
1514,10,1270,21-Apr-19
1515,91,275,31-May-19
1516,10,1271,6-Jul-19
1517,90,722,2-May-19
1518,10,1272,19-May-19
1519,91,1056,9-Jul-19
1520,10,1273,21-Sep-19
1521,90,1156,7-Jul-19
1522,10,1274,3-May-19
1523,91,481,29-Jul-19
1524,10,1275,26-May-19
1525,90,495,15-Jan-20
1526,10,1276,13-Jul-19
1527,90,3,24-Jun-19
1528,10,1277,25-Jul-19
1529,90,153,4-Aug-19
1530,10,1278,31-Mar-19
1531,90,266,9-Jun-19
1532,10,1279,10-Jul-19
1533,91,502,27-Sep-19
1534,10,1280,20-Feb-19
1535,91,351,27-Jun-19
1536,10,1281,1-Nov-19
1537,91,940,20-Jun-19
1538,10,1282,28-May-19
1539,91,692,31-Mar-20
1540,10,1283,5-Jan-21
1541,91,463,1-Apr-20
1542,10,1284,28-May-20
1543,90,863,17-Nov-20
1544,10,1285,11-Oct-20
1545,91,641,20-Oct-20
1546,10,1286,16-Aug-20
1547,91,313,16-Apr-20
1548,10,1287,20-Jun-20
1549,90,353,16-Aug-20
1550,10,1288,5-Jul-20
1551,90,285,12-Apr-20
1552,10,1289,23-Jul-20
1553,91,217,16-Oct-20
1554,10,1290,18-Oct-20
1555,90,275,12-Sep-20
1556,10,1291,10-Mar-20
1557,90,301,28-Sep-20
1558,10,1292,30-May-20
1559,91,721,5-Sep-20
1560,10,1293,25-Aug-20
1561,90,710,15-Apr-20
1562,10,1294,22-Apr-20
1563,91,783,9-Jun-20
1564,10,1295,25-Feb-20
1565,91,823,25-Feb-20
1566,10,1296,29-Aug-20
1567,90,1021,15-Sep-20
1568,10,1297,24-Apr-20
1569,91,1031,14-Jul-20
1570,10,1298,21-Jul-20
1571,91,409,11-May-20
1572,10,1299,20-Jun-20
1573,91,770,3-Sep-20
1574,10,1300,19-Apr-20
1575,90,775,7-Aug-20
1576,10,1301,7-Jun-20
1577,90,1244,25-Dec-19
1578,10,1302,21-Aug-20
1579,90,937,30-Apr-20
1580,10,1303,14-Jun-20
1581,91,787,2-Mar-20
1582,10,1304,22-Sep-20
1583,90,790,9-Nov-20
1584,10,1305,23-Apr-20
1585,90,1011,2-Jul-20
1586,10,1306,26-Jul-20
1587,91,854,20-Aug-20
1588,10,1307,20-Aug-20
1589,90,626,16-May-20
1590,10,1308,15-May-20
1591,90,1294,1-Jul-20
1592,10,1309,22-Oct-20
1593,91,960,13-Sep-20
1594,10,1310,23-May-20
1595,91,855,7-Jan-20
1596,10,1311,24-Apr-20
1597,90,666,29-Apr-20
1598,10,1312,28-May-20
1599,90,426,14-Mar-20
1600,10,1313,22-Jul-20
1601,91,457,2-Jul-20
1602,10,1314,24-Dec-20
1603,91,563,24-Dec-20
1604,10,1315,21-Dec-19
1605,91,1165,17-Sep-19
1606,10,1316,18-May-20
1607,90,930,22-Oct-20
1608,10,1317,17-Jul-20
1609,90,950,6-Jul-20
1610,10,1318,6-Oct-20
1611,91,805,26-Jul-20
1612,10,1319,7-Jun-20
1613,91,503,24-Nov-20
1614,10,1320,16-Dec-20
1615,90,140,2-Jun-20
1616,10,1321,13-Jun-20
1617,91,440,22-Jul-20
1618,10,1322,1-Mar-20
1619,91,962,13-May-20
1620,10,1323,16-Jun-20
1621,90,345,14-Jan-21
1622,10,1324,12-Aug-20
1623,91,1299,29-Jul-20
1624,10,1325,30-Jul-20
1625,90,120,12-Apr-20
1626,10,1326,20-Apr-20
1627,91,585,2-Jan-21
1628,10,1327,15-Jul-20
1629,90,610,27-Jan-21
1630,10,1328,7-Sep-20
1631,91,174,10-Aug-20
1632,10,1329,1-Jun-20
1633,91,830,22-Jul-20
1634,10,1330,5-May-20
1635,91,42,29-Aug-20
1636,10,1331,7-Jul-20
1637,90,5,15-Jul-20
1638,10,1332,12-Mar-20
1639,90,1082,16-Apr-20
1640,10,1333,16-Jul-20
1641,90,1116,13-May-20
1642,10,1334,15-Dec-20
1643,90,175,4-Aug-20
1644,10,1335,13-Jul-20
1645,90,910,4-Feb-20
1646,10,1336,22-Nov-20
1647,90,124,14-Jun-20
1648,10,1337,10-Apr-20
1649,91,933,17-Jul-20
1650,10,1338,19-Apr-20
1651,90,951,20-Aug-20
1652,10,1339,9-Sep-20
1653,91,1295,15-Aug-20
1654,10,1340,15-Feb-20
1655,90,624,21-May-20
1656,10,1341,27-Aug-20
1657,90,387,31-May-20
1658,10,1342,20-Sep-20
1659,90,416,1-May-20
1660,10,1343,1-Nov-20
1661,90,254,18-Apr-20
1662,10,1344,19-Mar-20
1663,91,945,7-Dec-19
1664,10,1345,4-Apr-20
1665,91,141,4-Jun-20
1666,10,1346,1-Jul-20
1667,90,708,10-Jun-20
1668,10,1347,28-Mar-20
1669,91,1289,18-Jun-21
1670,10,1348,8-May-21
1671,91,1310,10-Jun-21
1672,10,1349,16-Sep-21
1673,91,806,19-Jun-21
1674,10,1350,19-Mar-21
1675,91,1007,22-Dec-21
1676,10,1351,29-May-21
1677,91,1119,13-Jun-21
1678,10,1352,22-Nov-20
1679,90,253,24-Apr-21
1680,10,1353,23-Aug-21
1681,91,1319,22-Mar-21
1682,10,1354,24-Mar-21
1683,90,177,3-Jun-21
1684,10,1355,4-Jul-21
1685,90,316,9-Jul-21
1686,10,1356,30-Apr-21
1687,90,850,13-Feb-21
1688,10,1357,4-May-21
1689,91,334,20-Jul-21
1690,10,1358,30-May-21
1691,90,1153,24-Feb-21
1692,10,1359,25-May-21
1693,90,878,10-Feb-21
1694,10,1360,5-Sep-21
1695,91,1070,8-Oct-21
1696,10,1361,23-Sep-21
1697,90,705,13-Aug-21
1698,10,1362,21-Dec-21
1699,90,771,20-Nov-20
1700,10,1363,1-May-21
1701,91,11,29-Sep-21
1702,10,1364,29-Aug-21
1703,91,673,21-Jul-21
1704,10,1365,19-Nov-21
1705,91,743,28-May-21
1706,10,1366,10-Aug-21
1707,90,232,13-Jun-21
1708,10,1367,1-Jul-21
1709,90,541,27-May-21
1710,10,1368,1-Aug-21
1711,90,356,29-Mar-21
1712,10,1369,7-Jul-21
1713,91,712,14-Apr-21
1714,10,1370,5-May-21
1715,90,1048,23-Dec-21
1716,10,1371,4-Aug-21
1717,91,1298,5-Oct-21
1718,10,1372,15-May-21
1719,91,1233,6-Jul-21
1720,10,1373,28-Jun-21
1721,90,180,23-May-21
1722,10,1374,19-May-21
1723,91,1235,16-Nov-21
1724,10,1375,11-Apr-21
1725,90,41,20-Nov-21
1726,10,1376,23-May-21
1727,90,521,3-May-21
1728,10,1377,22-Jun-21
1729,90,1165,13-Jul-21
1730,10,1378,10-Apr-21
1731,91,72,20-Sep-21
1732,10,1379,25-Jun-21
1733,91,921,23-Apr-21
1734,10,1380,19-Aug-21
1735,91,1292,24-Feb-21
1736,10,1381,22-Oct-21
1737,91,651,30-Jul-21
1738,10,1382,19-Apr-21
1739,90,509,16-Mar-21
1740,10,1383,17-Nov-21
1741,91,287,27-May-21
1742,10,1384,23-Jul-21
1743,91,598,25-Sep-21
1744,10,1385,22-May-21
1745,90,1301,26-Nov-21
1746,10,1386,2-May-21
1747,91,889,6-Jun-21
1748,10,1387,17-Jun-21
1749,91,338,26-Apr-21
1750,10,1388,7-Jul-21
1751,91,1339,9-Aug-21
1752,10,1389,17-Dec-21
1753,91,501,29-May-21
1754,10,1390,6-Jun-21
1755,90,763,12-Jul-21
1756,10,1391,14-Dec-20
1757,90,1098,2-Jul-21
1758,10,1392,15-Aug-21
1759,91,1009,20-Jun-21
1760,10,1393,14-Jun-21
1761,90,445,15-May-21
1762,10,1394,6-Nov-21
1763,91,192,6-Jun-21
1764,10,1395,20-Aug-21
1765,91,975,16-May-21
1766,10,1396,21-Jul-21
1767,90,151,15-Jun-21
1768,10,1397,29-Sep-21
1769,90,588,31-Mar-21
1770,10,1398,15-Jul-21
1771,91,776,9-Jun-21
1772,10,1399,5-Oct-21
1773,90,474,20-Apr-21
1774,10,1400,17-Oct-21
1775,91,106,5-Apr-21
1776,10,1401,14-Mar-21
1777,91,121,24-Sep-21
1778,10,1402,18-Nov-20
1779,91,51,23-Sep-21
1780,10,1403,9-Jun-21
1781,91,717,3-Jul-21
1782,10,1404,28-Jun-21
1783,90,1064,15-Aug-21
1784,10,1405,27-Jun-21
1785,91,847,6-Aug-21
1786,10,1406,13-Jul-21
1787,91,195,3-Nov-21
1788,10,1407,2-Aug-21
1789,91,878,7-Aug-21
1790,10,1408,12-Dec-21
1791,90,451,13-Dec-21
1792,10,1409,22-May-21
1793,90,588,28-Jun-21
1794,10,1410,20-Apr-21
1795,90,317,7-Jul-21
1796,10,1411,5-Mar-21
1797,91,159,7-Feb-21
1798,10,1412,27-Feb-21
1799,90,97,28-Jun-21
1800,10,1413,14-Apr-21
1801,90,969,28-Jan-21
1802,10,1414,27-Sep-21
1803,91,276,24-Oct-21
1804,10,1415,21-Aug-21
1805,91,161,3-Dec-22
1806,10,1416,26-Aug-22
1807,90,1148,12-May-22
1808,10,1417,9-Mar-22
1809,91,97,5-Jul-22
1810,10,1418,7-Aug-22
1811,90,678,11-Aug-22
1812,10,1419,15-May-22
1813,90,548,8-Sep-22
1814,10,1420,14-Apr-23
1815,91,657,5-Feb-22
1816,10,1421,4-Mar-22
1817,90,1103,25-Jun-22
1818,10,1422,4-Jan-22
1819,91,368,1-May-22
1820,10,1423,31-Mar-22
1821,90,686,14-Jul-22
1822,10,1424,4-Jul-22
1823,90,1299,11-Jul-22
1824,10,1425,9-Jan-22
1825,91,1242,5-Nov-22
1826,10,1426,24-May-22
1827,90,1377,6-May-22
1828,10,1427,15-Dec-21
1829,90,243,11-Aug-22
1830,10,1428,15-Mar-22
1831,91,180,19-May-22
1832,10,1429,29-Jul-22
1833,91,1157,8-Aug-22
1834,10,1430,29-May-22
1835,90,6,18-Jun-22
1836,10,1431,21-Apr-22
1837,91,152,4-Oct-22
1838,10,1432,3-Aug-22
1839,90,728,20-Jul-22
1840,10,1433,7-Sep-22
1841,91,343,2-Dec-22
1842,10,1434,31-Jul-22
1843,90,1067,29-Jul-22
1844,10,1435,28-Mar-22
1845,90,1084,3-Jun-22
1846,10,1436,8-Mar-22
1847,90,735,15-Jun-22
1848,10,1437,22-Feb-22
1849,91,70,17-May-22
1850,10,1438,1-May-22
1851,91,1076,27-Jan-22
1852,10,1439,12-Oct-22
1853,90,812,23-Jul-22
1854,10,1440,25-Dec-22
1855,90,715,20-Apr-22
1856,10,1441,26-Jul-22
1857,90,954,5-Aug-22
1858,10,1442,22-Sep-22
1859,91,378,25-Oct-22
1860,10,1443,6-Mar-22
1861,91,555,4-Aug-22
1862,10,1444,10-Oct-22
1863,91,1211,28-Apr-22
1864,10,1445,3-Feb-22
1865,91,846,3-Aug-22
1866,10,1446,23-Aug-22
1867,91,1369,2-Apr-22
1868,10,1447,14-May-22
1869,91,203,17-Jun-22
1870,10,1448,30-May-22
1871,91,421,14-Aug-22
1872,10,1449,11-Oct-22
1873,91,299,18-May-22
1874,10,1450,17-Jul-22
1875,91,1248,18-Jul-22
1876,10,1451,14-Apr-22
1877,90,1095,25-Oct-22
1878,10,1452,14-Mar-22
1879,90,856,12-Sep-22
1880,10,1453,6-Jan-23
1881,90,1218,29-Oct-22
1882,10,1454,9-Dec-22
1883,90,1014,20-Dec-21
1884,10,1455,1-Jun-22
1885,91,464,15-Jun-22
1886,10,1456,17-Apr-22
1887,91,465,25-Apr-22
1888,10,1457,20-Jun-22
1889,91,28,30-Oct-21
1890,10,1458,17-Jun-22
1891,90,391,18-Dec-22
1892,10,1459,27-Apr-22
1893,90,753,11-Aug-22
1894,10,1460,8-Sep-22
1895,91,22,27-Sep-22
1896,10,1461,30-Jul-22
1897,90,81,4-Oct-22
1898,10,1462,6-Sep-22
1899,91,347,5-Jun-22
1900,10,1463,6-Apr-22
1901,90,425,29-Jun-22
1902,10,1464,19-Oct-22
1903,91,772,29-Jun-22
1904,10,1465,30-May-22
1905,91,1207,22-Jan-22
1906,10,1466,3-Jun-22
1907,91,155,19-Aug-22
1908,10,1467,12-Dec-22
1909,90,1132,9-Apr-22
1910,10,1468,22-Jul-22
1911,91,924,21-May-22
1912,10,1469,22-Jul-22
1913,90,1194,4-May-22
1914,10,1470,16-Mar-22
1915,91,655,29-Mar-22
1916,10,1471,25-Jun-22
1917,90,656,9-Dec-22
1918,10,1472,22-May-22
1919,90,1290,11-Mar-22
1920,10,1473,1-Apr-22
1921,90,623,4-Jul-22
1922,10,1474,24-Apr-22
1923,90,567,5-May-22
1924,10,1475,16-Jul-22
1925,90,852,25-Aug-22
1926,10,1476,8-Jul-22
1927,91,1054,9-Nov-22
1928,10,1477,13-Sep-22
1929,91,758,11-Jun-22
1930,10,1478,21-Jul-22
1931,91,504,27-Aug-22
1932,10,1479,8-May-22
1933,91,1303,27-Jan-22
1934,10,1480,22-Jun-22
1935,90,1245,23-Mar-22
1936,10,1481,27-Jun-22
1937,91,292,15-Sep-22
1938,10,1482,19-Apr-22
1939,90,10,15-Jun-22
1940,10,1483,19-Apr-22
1941,91,656,17-May-22
1942,10,1484,27-May-22
1943,91,1209,28-Jun-22
1944,10,1485,25-Dec-22
1945,91,1321,27-Jul-22
1946,10,1486,15-Nov-22
1947,90,867,12-Aug-22
1948,10,1487,3-May-22
1949,90,1329,24-May-23
1950,10,1488,25-Aug-23
1951,90,1360,24-Jul-23
1952,10,1489,16-Jul-23
1953,91,901,21-Dec-22
1954,10,1490,19-Jun-23
1955,91,394,27-Sep-23
1956,10,1491,27-Jun-23
1957,90,1237,10-Jan-23
1958,10,1492,13-Feb-23
1959,90,364,20-Jul-23
1960,10,1493,18-Apr-23
1961,90,749,15-Aug-23
1962,10,1494,5-Jul-23
1963,91,1453,20-Feb-23
1964,10,1495,18-May-23
1965,90,726,28-May-23
1966,10,1496,20-Jul-23
1967,91,152,10-Feb-24
1968,10,1497,21-Aug-23
1969,90,1022,10-Jul-23
1970,10,1498,22-Jun-23
1971,90,511,13-Jun-23
1972,10,1499,29-Nov-23
1973,91,981,31-Jul-23
1974,10,1500,18-Jun-23
1975,90,869,1-Jan-24
1976,10,1501,7-Jun-23
1977,90,357,25-Jun-23
1978,10,1502,13-Oct-23
1979,91,1427,2-Mar-23
1980,10,1503,30-Jan-23
1981,91,1295,21-Dec-23
1982,10,1504,24-Dec-22
1983,91,643,25-Aug-23
1984,10,1505,15-Sep-23
1985,91,820,11-Jul-23
1986,10,1506,3-Aug-23
1987,90,1220,25-Dec-23
1988,10,1507,27-Jul-23
1989,91,1183,5-Jan-23
1990,10,1508,11-Jul-23
1991,90,247,24-Mar-23
1992,10,1509,9-Sep-23
1993,91,1228,18-May-23
1994,10,1510,1-Apr-23
1995,90,146,27-Jun-23
1996,10,1511,28-Apr-23
1997,91,1404,13-Dec-23
1998,10,1512,20-Nov-22
1999,90,651,18-Aug-23
2000,10,1513,11-Sep-23
2001,91,1339,18-Jun-23
2002,10,1514,11-Sep-23
2003,90,205,21-Jul-23
2004,10,1515,18-Jun-23
2005,90,824,25-Aug-23
2006,10,1516,9-Apr-23
2007,90,920,27-Aug-23
2008,10,1517,12-Jun-23
2009,90,416,19-Jul-23
2010,10,1518,6-Aug-23
2011,90,965,9-Mar-23
2012,10,1519,9-Jun-23
2013,91,1214,1-Jul-23
2014,10,1520,12-Feb-23
2015,90,1010,31-Aug-23
2016,10,1521,19-Apr-23
2017,90,720,14-Jun-23
2018,10,1522,19-Jul-23
2019,90,264,21-Apr-23
2020,10,1523,3-Oct-23
2021,90,313,16-Jun-23
2022,10,1524,13-Jun-23
2023,90,430,1-Apr-23
2024,10,1525,15-Aug-23
2025,90,751,30-Mar-23
2026,10,1526,22-May-23
2027,91,1417,25-May-23
2028,10,1527,30-Apr-23
2029,90,436,3-Aug-23
2030,10,1528,19-Aug-23
2031,91,305,4-Apr-23
2032,10,1529,12-Aug-23
2033,91,1009,24-Nov-23
2034,10,1530,6-Mar-23
2035,90,1022,14-Mar-23
2036,10,1531,17-Apr-23
2037,90,762,19-Jun-23
2038,10,1532,17-Mar-23
2039,91,1272,24-Dec-23
2040,10,1533,22-Sep-23
2041,91,1024,9-Nov-23
2042,10,1534,30-Apr-23
2043,91,1503,17-Aug-23
2044,10,1535,5-Apr-23
2045,90,623,30-Sep-23
2046,10,1536,23-Jan-24
2047,91,185,10-Apr-23
2048,10,1537,6-Jun-23
2049,91,1339,21-Apr-23
2050,10,1538,13-May-23
2051,90,1164,30-May-23
2052,10,1539,21-May-23
2053,91,157,26-Apr-23
2054,10,1540,2-Jun-23
2055,90,1012,23-Jun-23
2056,10,1541,27-May-23
2057,90,1279,19-May-23
2058,10,1542,24-Mar-23
2059,90,1438,29-Apr-23
2060,10,1543,9-Sep-23
2061,90,1357,15-Jun-23
2062,10,1544,26-Nov-23
2063,90,44,1-Jul-23
2064,10,1545,29-Jul-23
2065,90,174,23-Aug-23
2066,10,1546,8-Jul-23
2067,90,720,7-Jun-23
2068,10,1547,12-Feb-24
2069,91,236,15-Oct-23
2070,10,1548,18-Feb-23
2071,91,672,21-Mar-23
2072,10,1549,5-Aug-23
2073,91,521,2-Sep-23
2074,10,1550,5-Oct-23
2075,91,888,15-Mar-23
2076,10,1551,9-Jun-23
2077,91,977,27-Mar-23
2078,10,1552,4-Apr-23
2079,90,840,8-Sep-23
2080,10,1553,21-Apr-23
2081,91,727,21-Aug-23
2082,10,1554,10-Feb-23
2083,91,331,20-Jun-23
2084,10,1555,14-Jun-23
2085,91,1145,30-Jul-23
2086,10,1556,23-May-23
2087,90,930,28-Mar-23
2088,10,1557,15-Jun-23
2089,90,577,14-Apr-23
2090,10,1558,1-Nov-23
2091,90,1284,30-Jan-23
2092,10,1559,12-Jul-23
2093,91,443,22-Jul-23
2094,10,1560,22-Apr-23
2095,91,1232,13-Mar-23
2096,10,1561,7-Mar-23
2097,91,935,20-Aug-23
2098,10,1562,1-Jul-23
2099,30,11,23-Apr-17
2100,30,28,14-Nov-16
2101,30,51,24-Jun-17
2102,30,53,28-May-17
2103,30,71,25-Jun-17
2104,30,76,19-Nov-17
2105,30,120,23-Mar-17
2106,30,124,20-Apr-17
2107,30,138,14-May-17
2108,30,146,9-Oct-17
2109,30,152,19-Jun-17
2110,30,159,6-Oct-17
2111,30,167,25-Dec-17
2112,30,177,10-Jun-17
2113,30,195,14-Sep-17
2114,30,199,1-Jun-17
2115,30,205,24-Apr-17
2116,30,215,20-May-17
2117,30,226,27-Apr-17
2118,30,234,30-Jul-17
2119,30,236,25-Jan-17
2120,30,257,28-Mar-17
2121,30,264,2-Sep-17
2122,30,273,1-May-17
2123,30,276,22-Mar-17
2124,30,285,14-Jun-17
2125,30,287,21-Aug-17
2126,30,290,25-Jun-17
2127,30,300,5-Jul-17
2128,30,311,24-Oct-17
2129,30,322,2-Jun-17
2130,30,361,1-Jun-17
2131,30,387,13-Oct-17
2132,30,394,13-Aug-17
2133,30,409,18-Jun-17
2134,30,436,27-May-17
2135,30,463,11-Jul-17
2136,30,477,17-Jun-17
2137,30,481,14-Jun-17
2138,30,509,24-Jul-17
2139,30,511,13-Jul-17
2140,30,513,25-Feb-17
2141,30,521,8-Jun-17
2142,30,525,5-Sep-17
2143,30,555,10-Jul-17
2144,30,557,23-Aug-17
2145,30,577,2-Apr-17
2146,30,598,18-Jul-17
2147,30,603,29-Apr-17
2148,30,623,21-Jul-17
2149,30,628,15-Apr-17
2150,30,663,7-Jun-17
2151,30,701,5-Jul-17
2152,30,705,27-Sep-17
2153,30,708,30-Mar-17
2154,30,710,3-Apr-17
2155,30,727,15-May-17
2156,30,734,28-Aug-17
2157,30,749,24-Oct-17
2158,30,790,15-Aug-17
2159,30,812,4-Aug-17
2160,30,823,25-Jan-17
2161,30,837,4-Jan-17
2162,30,839,9-Jul-17
2163,30,840,17-Feb-17
2164,30,846,27-Apr-17
2165,30,847,2-May-17
2166,30,856,8-Apr-17
2167,30,858,28-Aug-17
2168,30,862,16-Oct-17
2169,30,867,17-Jun-17
2170,30,910,5-Aug-17
2171,30,924,8-Oct-16
2172,30,935,30-Aug-17
2173,30,937,16-Sep-17
2174,30,950,15-Jul-17
2175,30,955,4-May-17
2176,30,960,5-Nov-17
2177,30,965,27-May-17
2178,30,969,23-Nov-17
2179,30,977,9-Oct-17
2180,30,985,23-Jun-17
2181,30,988,9-Sep-17
2182,30,996,1-Feb-17
2183,30,1021,6-May-17
2184,30,1052,17-Feb-17
2185,30,1054,16-Jul-17
2186,30,1056,6-Jul-17
2187,30,1067,15-Nov-17
2188,30,1076,2-Oct-17
2189,30,1082,22-Oct-17
2190,30,1098,19-Jul-17
2191,30,1118,21-Aug-17
2192,30,1119,23-Apr-17
2193,30,1132,10-Jun-17
2194,30,1139,7-Mar-17
2195,30,1144,14-Jul-17
2196,30,1145,24-Jul-17
2197,30,1148,13-Jun-17
2198,30,1149,3-Jul-17
2199,30,1153,13-Jul-17
2200,30,1157,4-Aug-17
2201,30,1159,5-Aug-17
2202,30,1164,29-Aug-17
2203,30,1165,13-Nov-17
2204,30,1168,1-Jun-17
2205,30,1173,14-Mar-17
2206,30,1176,27-Apr-17
2207,30,1194,11-Aug-17
2208,30,1198,18-Jun-17
2209,30,1207,16-Jun-17
2210,30,1209,19-Apr-17
2211,30,1211,21-Aug-17
2212,30,1214,9-Nov-17
2213,30,1218,9-Apr-17
2214,30,1220,9-Jun-17
2215,30,1235,14-Jul-17
2216,30,1237,17-Jan-17
2217,30,1242,29-Jul-17
2218,30,1245,20-Jun-17
2219,30,1248,9-May-17
2220,30,1272,7-Aug-17
2221,30,1279,3-Oct-17
2222,30,1284,16-Sep-17
2223,30,1290,15-Jul-17
2224,30,1292,10-Feb-17
2225,30,1294,20-Feb-17
2226,30,1295,1-May-17
2227,30,1299,10-Aug-17
2228,30,1301,14-Jun-17
2229,30,1303,31-Jul-17
2230,30,1310,6-Oct-17
2231,30,1329,7-Nov-17
2232,30,1339,22-May-17
2233,30,1357,25-Jun-17
2234,30,1360,29-Jun-17
2235,30,1369,7-May-17
2236,30,1427,22-Sep-17
2237,30,1438,10-Jul-17
2238,30,1453,18-Dec-17
2239,30,1503,28-Jul-17
2240,30,3,20-Aug-18
2241,30,11,28-Feb-18
2242,30,22,28-Aug-18
2243,30,41,12-Jun-18
2244,30,43,6-Sep-18
2245,30,51,29-Jul-18
2246,30,106,27-Apr-18
2247,30,124,4-Nov-18
2248,30,151,17-Dec-18
2249,30,177,13-Jan-19
2250,30,195,14-Sep-17
2251,30,199,9-Jan-19
2252,30,203,12-Jun-18
2253,30,232,26-Jan-19
2254,30,234,5-Mar-18
2255,30,236,11-Apr-18
2256,30,243,28-Nov-18
2257,30,247,7-Jul-18
2258,30,257,3-Aug-18
2259,30,264,24-Oct-18
2260,30,266,3-Oct-18
2261,30,276,25-Sep-18
2262,30,285,26-Jul-18
2263,30,292,29-Jan-18
2264,30,314,4-Sep-18
2265,30,317,6-Aug-18
2266,30,331,9-Sep-18
2267,30,338,27-Aug-18
2268,30,348,29-Aug-18
2269,30,356,25-Apr-18
2270,30,361,5-Aug-18
2271,30,394,18-May-18
2272,30,425,11-Jun-18
2273,30,436,3-Aug-18
2274,30,464,18-Mar-19
2275,30,474,17-Jan-18
2276,30,481,12-Mar-18
2277,30,511,25-Dec-18
2278,30,525,10-May-18
2279,30,548,27-Apr-18
2280,30,563,6-Oct-18
2281,30,567,20-Nov-18
2282,30,577,20-May-18
2283,30,588,6-Jun-18
2284,30,609,4-May-18
2285,30,623,14-Sep-18
2286,30,643,12-Jun-18
2287,30,672,17-Jun-18
2288,30,687,26-Jun-18
2289,30,707,26-May-18
2290,30,710,17-Feb-19
2291,30,721,25-Mar-18
2292,30,734,18-Feb-18
2293,30,749,4-Jun-18
2294,30,753,10-Jun-18
2295,30,758,12-Apr-18
2296,30,782,10-Mar-18
2297,30,812,14-Aug-18
2298,30,823,25-Jul-18
2299,30,840,30-Apr-18
2300,30,854,6-Dec-17
2301,30,855,20-Oct-18
2302,30,869,11-Aug-18
2303,30,910,19-Oct-18
2304,30,933,1-Jul-18
2305,30,937,25-Jun-18
2306,30,945,13-May-18
2307,30,960,26-Oct-18
2308,30,962,28-May-18
2309,30,969,2-Oct-18
2310,30,981,2-Sep-18
2311,30,988,23-Jul-18
2312,30,1009,1-May-18
2313,30,1010,13-Dec-18
2314,30,1012,9-Jul-18
2315,30,1014,9-Aug-18
2316,30,1021,31-Jul-18
2317,30,1070,26-Jun-18
2318,30,1139,24-Sep-18
2319,30,1144,15-Jul-18
2320,30,1145,26-Apr-18
2321,30,1153,18-Nov-18
2322,30,1164,21-Jan-18
2323,30,1165,31-Jul-18
2324,30,1168,26-Jan-18
2325,30,1173,10-Jun-18
2326,30,1183,5-Apr-18
2327,30,1218,7-May-18
2328,30,1232,13-Jun-18
2329,30,1233,13-Sep-18
2330,30,1235,3-Jul-18
2331,30,1237,22-Jul-18
2332,30,1244,1-Sep-18
2333,30,1245,5-Aug-18
2334,30,1248,25-Jun-18
2335,30,1272,20-Jun-18
2336,30,1279,20-Jul-18
2337,30,1284,30-Dec-17
2338,30,1289,18-Sep-18
2339,30,1290,7-May-18
2340,30,1292,16-Jun-18
2341,30,1294,15-Sep-18
2342,30,1295,6-Jul-18
2343,30,1298,30-May-18
2344,30,1299,10-May-18
2345,30,1303,14-Jun-18
2346,30,1310,12-Jul-18
2347,30,1319,4-Nov-18
2348,30,1321,30-Jun-18
2349,30,1339,4-Mar-18
2350,30,1357,17-Sep-18
2351,30,1360,10-Aug-18
2352,30,1377,3-Jun-18
2353,30,1404,11-Jun-18
2354,30,1417,24-May-18
2355,30,1427,12-Oct-18
2356,30,1438,28-Apr-18
2357,30,1453,12-May-18
2358,30,6,23-May-19
2359,30,71,20-Oct-18
2360,30,106,20-Nov-19
2361,30,124,5-Oct-19
2362,30,140,4-Jan-19
2363,30,141,16-Sep-19
2364,30,151,15-Apr-19
2365,30,175,21-Jul-19
2366,30,177,24-Jun-19
2367,30,180,4-Jun-19
2368,30,203,20-Feb-19
2369,30,205,27-Jun-19
2370,30,232,31-Jan-19
2371,30,236,24-May-19
2372,30,243,13-Jul-19
2373,30,247,15-Feb-19
2374,30,266,6-May-19
2375,30,276,18-Jul-19
2376,30,285,10-Jun-19
2377,30,292,25-Sep-19
2378,30,305,20-Aug-19
2379,30,311,28-May-19
2380,30,317,6-May-19
2381,30,356,14-Jun-19
2382,30,364,24-Jun-19
2383,30,368,17-Sep-19
2384,30,425,13-Feb-19
2385,30,463,19-Mar-19
2386,30,509,8-Jul-19
2387,30,548,15-Jul-19
2388,30,563,22-Jul-19
2389,30,585,9-Nov-18
2390,30,655,20-Jul-19
2391,30,666,2-Mar-19
2392,30,686,8-Oct-19
2393,30,692,23-Feb-19
2394,30,707,6-May-19
2395,30,717,19-May-19
2396,30,721,22-Jul-19
2397,30,722,24-Mar-19
2398,30,753,3-Jul-19
2399,30,758,1-Jul-19
2400,30,762,10-Jul-19
2401,30,771,21-Sep-19
2402,30,783,22-Mar-19
2403,30,823,12-Jan-20
2404,30,847,13-Aug-19
2405,30,850,1-Apr-19
2406,30,852,26-Feb-19
2407,30,856,7-Mar-19
2408,30,867,15-Jul-19
2409,30,888,12-May-19
2410,30,901,5-Apr-19
2411,30,920,4-Jun-19
2412,30,921,24-Jun-19
2413,30,930,16-Jul-19
2414,30,954,10-Aug-19
2415,30,981,28-Feb-19
2416,30,1010,14-May-19
2417,30,1064,24-Aug-19
2418,30,1067,24-May-19
2419,30,1120,13-Oct-19
2420,30,1145,22-Dec-19
2421,30,1153,13-Jul-19
2422,30,1159,27-Aug-19
2423,30,1164,30-Mar-19
2424,30,1165,27-Jul-19
2425,30,1173,31-Mar-19
2426,30,1218,14-Jul-19
2427,30,1220,6-May-19
2428,30,1232,26-Aug-19
2429,30,1235,25-Aug-19
2430,30,1237,16-Jan-19
2431,30,1242,5-Nov-18
2432,30,1244,20-May-19
2433,30,1245,17-Jul-19
2434,30,1248,21-Sep-19
2435,30,1272,8-May-19
2436,30,1279,31-Dec-19
2437,30,1284,16-Apr-19
2438,30,1289,20-Aug-19
2439,30,1290,4-Jan-19
2440,30,1292,25-Nov-19
2441,30,1294,1-Oct-19
2442,30,1295,1-Apr-19
2443,30,1298,5-Jul-19
2444,30,1299,8-Oct-19
2445,30,1301,27-Jun-19
2446,30,1303,26-Apr-19
2447,30,1310,8-Jan-19
2448,30,1319,16-Aug-19
2449,30,1321,26-Mar-19
2450,30,1329,23-Mar-19
2451,30,1357,30-May-19
2452,30,1360,15-Sep-19
2453,30,1369,19-Aug-19
2454,30,1377,16-Apr-19
2455,30,1417,26-Nov-19
2456,30,1427,15-Jun-19
2457,30,1453,9-Sep-19
2458,30,1503,1-Oct-19
2459,30,6,21-Nov-20
2460,30,28,4-Jul-20
2461,30,41,13-Apr-20
2462,30,44,19-Aug-20
2463,30,70,25-Aug-20
2464,30,81,20-Jul-20
2465,30,106,31-Mar-20
2466,30,140,8-Jan-20
2467,30,152,25-Jun-20
2468,30,157,15-Aug-20
2469,30,180,21-Jun-20
2470,30,203,20-May-20
2471,30,217,30-May-20
2472,30,247,17-Nov-19
2473,30,276,2-Sep-20
2474,30,285,6-Apr-20
2475,30,292,16-May-20
2476,30,299,13-Jul-20
2477,30,305,25-Aug-20
2478,30,313,28-Sep-20
2479,30,343,20-Apr-20
2480,30,356,13-Jun-20
2481,30,416,12-Dec-20
2482,30,443,16-Sep-20
2483,30,451,18-Apr-20
2484,30,464,21-Jun-20
2485,30,548,18-Feb-20
2486,30,585,16-Aug-20
2487,30,641,1-May-20
2488,30,655,10-Feb-20
2489,30,656,11-Aug-20
2490,30,657,13-Jun-20
2491,30,672,30-Jun-20
2492,30,686,15-Jun-20
2493,30,705,20-Dec-19
2494,30,712,24-May-20
2495,30,715,15-Jul-20
2496,30,751,26-Oct-20
2497,30,790,24-Sep-20
2498,30,850,17-Apr-20
2499,30,852,26-Jul-20
2500,30,854,14-Jan-20
2501,30,867,9-Sep-20
2502,30,921,12-Sep-20
2503,30,933,15-May-20
2504,30,950,22-Jun-20
2505,30,954,20-Aug-20
2506,30,960,29-Apr-20
2507,30,1010,13-Apr-20
2508,30,1014,27-Apr-20
2509,30,1022,12-Nov-20
2510,30,1031,24-Jan-20
2511,30,1054,3-Sep-20
2512,30,1070,20-Aug-20
2513,30,1218,4-May-20
2514,30,1228,31-Jul-20
2515,30,1235,25-Jun-20
2516,30,1237,11-Sep-20
2517,30,1242,24-Jun-20
2518,30,1245,24-Apr-20
2519,30,6,18-Apr-21
2520,30,10,10-Oct-21
2521,30,22,23-May-21
2522,30,28,29-Mar-21
2523,30,41,16-May-21
2524,30,72,19-Apr-21
2525,30,81,11-Jun-21
2526,30,121,21-Jun-21
2527,30,152,5-Mar-21
2528,30,157,28-Sep-21
2529,30,195,3-Jul-21
2530,30,243,28-Apr-21
2531,30,247,13-Oct-21
2532,30,264,19-Jun-21
2533,30,292,8-Aug-21
2534,30,299,12-Aug-21
2535,30,305,16-Sep-21
2536,30,313,16-Jun-21
2537,30,425,27-Feb-21
2538,30,436,23-Feb-21
2539,30,451,15-Mar-21
2540,30,504,16-Feb-21
2541,30,548,28-Jun-21
2542,30,656,8-Jun-21
2543,30,657,5-Dec-20
2544,30,672,19-Jun-21
2545,30,715,25-Nov-21
2546,30,772,21-Apr-21
2547,30,856,2-Jun-21
2548,30,878,20-Apr-21
2549,30,924,23-Oct-21
2550,30,981,17-May-21
2551,30,1007,7-Sep-21
2552,30,1010,30-Mar-21
2553,30,1067,17-Jun-21
2554,30,1098,22-Nov-20
2555,30,1145,8-Mar-21
2556,30,1157,30-Jul-21
2557,30,1233,22-Mar-21
2558,30,1235,18-Jun-21
2559,30,1237,4-Aug-21
2560,30,1245,11-Oct-21
2561,30,22,26-Jun-22
2562,30,81,13-Jul-22
2563,30,97,5-May-22
2564,30,152,20-Oct-22
2565,30,157,19-Sep-22
2566,30,185,13-Apr-22
2567,30,292,4-Apr-22
2568,30,305,29-Jul-22
2569,30,347,8-May-22
2570,30,511,5-May-22
2571,30,555,26-Jun-22
2572,30,751,24-Feb-22
2573,30,758,6-May-22
2574,30,762,16-May-22
2575,30,772,30-Apr-22
2576,30,1054,27-Jan-22
2577,30,1157,27-Mar-22
2578,30,1295,6-Jun-22
2579,30,1321,9-Apr-22
2580,30,1329,5-Sep-22
2581,30,1339,6-May-22
2582,30,869,16-May-23
2583,30,1024,17-Aug-23
2584,30,1220,10-Aug-23
2585,30,1279,24-Mar-23
2586,30,1329,23-May-23
